run_name	case_id	tumor_name	rna_raw__sample__R1__tumor_UUID	rna_raw__sample__R2__tumor_UUID	rna_raw__sample__R1__data_path	rna_raw__sample__R2__data_path
C1230738-TR1	C1230738	C1230738-TR1	a0573c53-73bc-4841-8fb6-e5ae0bf87740	eb68c408-9b99-4474-a4aa-8e8282e65874	/storage1/fs1/m.wyczalkowski/Active/Primary/CPTAC3.share/CPTAC3-GDC/GDC_import/data/a0573c53-73bc-4841-8fb6-e5ae0bf87740/210713_UNC32-K00270_0291_AHLK5VBBXY_CGGCGTGA-GCGCCTGT_S14_L004_R1_001.fastq.gz	/storage1/fs1/m.wyczalkowski/Active/Primary/CPTAC3.share/CPTAC3-GDC/GDC_import/data/eb68c408-9b99-4474-a4aa-8e8282e65874/210713_UNC32-K00270_0291_AHLK5VBBXY_CGGCGTGA-GCGCCTGT_S14_L004_R2_001.fastq.gz
C1230738-TP	C1230738	C1230738-TP	bcedfbaa-90dd-4081-8704-a1cb34ec9275	455058a8-b378-4ffa-9f8f-0726862855e4	/storage1/fs1/m.wyczalkowski/Active/Primary/CPTAC3.share/CPTAC3-GDC/GDC_import/data/bcedfbaa-90dd-4081-8704-a1cb34ec9275/210811_UNC31-K00269_0301_AHLLC5BBXY_CCATTCGA-GTTGTCCG_S21_L006_R1_001.fastq.gz	/storage1/fs1/m.wyczalkowski/Active/Primary/CPTAC3.share/CPTAC3-GDC/GDC_import/data/455058a8-b378-4ffa-9f8f-0726862855e4/210811_UNC31-K00269_0301_AHLLC5BBXY_CCATTCGA-GTTGTCCG_S21_L006_R2_001.fastq.gz
C1245129-TP	C1245129	C1245129-TP	9146c2dd-2d86-4d94-8fc4-b913e7ad8216	8f848e37-a739-4737-82e9-8773182905fa	/storage1/fs1/m.wyczalkowski/Active/Primary/CPTAC3.share/CPTAC3-GDC/GDC_import/data/9146c2dd-2d86-4d94-8fc4-b913e7ad8216/210713_UNC32-K00270_0291_AHLK5VBBXY_ACTAAGAT-AACCGCGG_S5_L002_R1_001.fastq.gz	/storage1/fs1/m.wyczalkowski/Active/Primary/CPTAC3.share/CPTAC3-GDC/GDC_import/data/8f848e37-a739-4737-82e9-8773182905fa/210713_UNC32-K00270_0291_AHLK5VBBXY_ACTAAGAT-AACCGCGG_S5_L002_R2_001.fastq.gz
C204057-TR1.ARNA_4a62de3d	C204057	C204057-TR1	0e05465c-1a40-4992-b207-86b0751b0fed	68b5d360-095b-4ca6-9658-6d780328b56f	/storage1/fs1/m.wyczalkowski/Active/Primary/CPTAC3.share/CPTAC3-GDC/GDC_import/data/0e05465c-1a40-4992-b207-86b0751b0fed/210811_UNC31-K00269_0301_AHLLC5BBXY_GCGCTCTA-GCTCCGAC_S11_L003_R1_001.fastq.gz	/storage1/fs1/m.wyczalkowski/Active/Primary/CPTAC3.share/CPTAC3-GDC/GDC_import/data/68b5d360-095b-4ca6-9658-6d780328b56f/210811_UNC31-K00269_0301_AHLLC5BBXY_GCGCTCTA-GCTCCGAC_S11_L003_R2_001.fastq.gz
C204057-TP	C204057	C204057-TP	64bde2bf-7ccb-4c66-b3a0-8e3c9c5b2b37	8e892ebf-f748-4b16-b9fb-bad025c61d0b	/storage1/fs1/m.wyczalkowski/Active/Primary/CPTAC3.share/CPTAC3-GDC/GDC_import/data/64bde2bf-7ccb-4c66-b3a0-8e3c9c5b2b37/210713_UNC32-K00270_0291_AHLK5VBBXY_GGACTTGG-CGCAGACG_S31_L008_R1_001.fastq.gz	/storage1/fs1/m.wyczalkowski/Active/Primary/CPTAC3.share/CPTAC3-GDC/GDC_import/data/8e892ebf-f748-4b16-b9fb-bad025c61d0b/210713_UNC32-K00270_0291_AHLK5VBBXY_GGACTTGG-CGCAGACG_S31_L008_R2_001.fastq.gz
C207624-TR1	C207624	C207624-TR1	3f6a1a61-d46d-4ec0-9635-1501d10f1e92	2b27d4e4-a94c-47e7-92d3-f317938b113c	/storage1/fs1/m.wyczalkowski/Active/Primary/CPTAC3.share/CPTAC3-GDC/GDC_import/data/3f6a1a61-d46d-4ec0-9635-1501d10f1e92/210713_UNC32-K00270_0291_AHLK5VBBXY_CTTGGTAT-CCAAGTCC_S7_L002_R1_001.fastq.gz	/storage1/fs1/m.wyczalkowski/Active/Primary/CPTAC3.share/CPTAC3-GDC/GDC_import/data/2b27d4e4-a94c-47e7-92d3-f317938b113c/210713_UNC32-K00270_0291_AHLK5VBBXY_CTTGGTAT-CCAAGTCC_S7_L002_R2_001.fastq.gz
C207624-TP	C207624	C207624-TP	851d1582-47e3-4694-a4ce-54b4f0ca7865	e3e4c767-7287-4451-9f1c-8b00cd2f8dd1	/storage1/fs1/m.wyczalkowski/Active/Primary/CPTAC3.share/CPTAC3-GDC/GDC_import/data/851d1582-47e3-4694-a4ce-54b4f0ca7865/210811_UNC31-K00269_0301_AHLLC5BBXY_TTGCCTAG-ACCACTTA_S24_L006_R1_001.fastq.gz	/storage1/fs1/m.wyczalkowski/Active/Primary/CPTAC3.share/CPTAC3-GDC/GDC_import/data/e3e4c767-7287-4451-9f1c-8b00cd2f8dd1/210811_UNC31-K00269_0301_AHLLC5BBXY_TTGCCTAG-ACCACTTA_S24_L006_R2_001.fastq.gz
C208854-TP.ARNA_af68ac6d	C208854	C208854-TP	182139b3-ba15-4e62-b4c8-572f6aa6937c	977243c2-78c9-4409-ba05-1a11d89b52d6	/storage1/fs1/m.wyczalkowski/Active/Primary/CPTAC3.share/CPTAC3-GDC/GDC_import/data/182139b3-ba15-4e62-b4c8-572f6aa6937c/210811_UNC31-K00269_0301_AHLLC5BBXY_AGGCAGAG-AGAATGCC_S13_L004_R1_001.fastq.gz	/storage1/fs1/m.wyczalkowski/Active/Primary/CPTAC3.share/CPTAC3-GDC/GDC_import/data/977243c2-78c9-4409-ba05-1a11d89b52d6/210811_UNC31-K00269_0301_AHLLC5BBXY_AGGCAGAG-AGAATGCC_S13_L004_R2_001.fastq.gz
C217710-TP	C217710	C217710-TP	4b6817fd-a951-4eb0-bdac-687b93cf4b88	4650c90e-4e22-48a5-942f-48a9cd2b854d	/storage1/fs1/m.wyczalkowski/Active/Primary/CPTAC3.share/CPTAC3-GDC/GDC_import/data/4b6817fd-a951-4eb0-bdac-687b93cf4b88/210713_UNC32-K00270_0291_AHLK5VBBXY_TAATACAG-ATATTCAC_S16_L004_R1_001.fastq.gz	/storage1/fs1/m.wyczalkowski/Active/Primary/CPTAC3.share/CPTAC3-GDC/GDC_import/data/4650c90e-4e22-48a5-942f-48a9cd2b854d/210713_UNC32-K00270_0291_AHLK5VBBXY_TAATACAG-ATATTCAC_S16_L004_R2_001.fastq.gz
C219555-TR1	C219555	C219555-TR1	ddde0a66-c5c5-4aa0-8021-f4c5039e1adf	1871abee-0aa8-4766-b001-d9c3b0c8ff27	/storage1/fs1/m.wyczalkowski/Active/Primary/CPTAC3.share/CPTAC3-GDC/GDC_import/data/ddde0a66-c5c5-4aa0-8021-f4c5039e1adf/210811_UNC31-K00269_0301_AHLLC5BBXY_TAAGGTCA-TGTCGTAG_S23_L006_R1_001.fastq.gz	/storage1/fs1/m.wyczalkowski/Active/Primary/CPTAC3.share/CPTAC3-GDC/GDC_import/data/1871abee-0aa8-4766-b001-d9c3b0c8ff27/210811_UNC31-K00269_0301_AHLLC5BBXY_TAAGGTCA-TGTCGTAG_S23_L006_R2_001.fastq.gz
C223491-TR1	C223491	C223491-TR1	1c436956-9492-4126-8ed6-160d0909e49e	a46bf346-0896-46e7-a3c2-ca63e1e137a0	/storage1/fs1/m.wyczalkowski/Active/Primary/CPTAC3.share/CPTAC3-GDC/GDC_import/data/1c436956-9492-4126-8ed6-160d0909e49e/210713_UNC32-K00270_0291_AHLK5VBBXY_TGGATCGA-GTGCGATA_S19_L005_R1_001.fastq.gz	/storage1/fs1/m.wyczalkowski/Active/Primary/CPTAC3.share/CPTAC3-GDC/GDC_import/data/a46bf346-0896-46e7-a3c2-ca63e1e137a0/210713_UNC32-K00270_0291_AHLK5VBBXY_TGGATCGA-GTGCGATA_S19_L005_R2_001.fastq.gz
C224106-TR1	C224106	C224106-TR1	c5dcc7b5-5fe5-4ba1-80e0-0522e3b2c45e	6dddfa45-9731-416b-b47f-be884511bc5b	/storage1/fs1/m.wyczalkowski/Active/Primary/CPTAC3.share/CPTAC3-GDC/GDC_import/data/c5dcc7b5-5fe5-4ba1-80e0-0522e3b2c45e/210811_UNC31-K00269_0301_AHLLC5BBXY_AAGATACT-ACTTACAT_S1_L001_R1_001.fastq.gz	/storage1/fs1/m.wyczalkowski/Active/Primary/CPTAC3.share/CPTAC3-GDC/GDC_import/data/6dddfa45-9731-416b-b47f-be884511bc5b/210811_UNC31-K00269_0301_AHLLC5BBXY_AAGATACT-ACTTACAT_S1_L001_R2_001.fastq.gz
C224106-TP	C224106	C224106-TP	286d824a-e222-4b66-a50f-83ba2dfb89f4	1f9ffd59-cfe7-4040-9d6a-68c01075fe7a	/storage1/fs1/m.wyczalkowski/Active/Primary/CPTAC3.share/CPTAC3-GDC/GDC_import/data/286d824a-e222-4b66-a50f-83ba2dfb89f4/210811_UNC31-K00269_0301_AHLLC5BBXY_TGCGGCGT-CCTCGGTA_S20_L005_R1_001.fastq.gz	/storage1/fs1/m.wyczalkowski/Active/Primary/CPTAC3.share/CPTAC3-GDC/GDC_import/data/1f9ffd59-cfe7-4040-9d6a-68c01075fe7a/210811_UNC31-K00269_0301_AHLLC5BBXY_TGCGGCGT-CCTCGGTA_S20_L005_R2_001.fastq.gz
C224967-TR1	C224967	C224967-TR1	1d32b16a-7a2b-49dc-b7b1-0e75d8d6806c	f544bc29-8e0c-4054-b284-10d737bbf7fa	/storage1/fs1/m.wyczalkowski/Active/Primary/CPTAC3.share/CPTAC3-GDC/GDC_import/data/1d32b16a-7a2b-49dc-b7b1-0e75d8d6806c/210713_UNC32-K00270_0291_AHLK5VBBXY_CCGCGGTT-AGCGCTAG_S30_L008_R1_001.fastq.gz	/storage1/fs1/m.wyczalkowski/Active/Primary/CPTAC3.share/CPTAC3-GDC/GDC_import/data/f544bc29-8e0c-4054-b284-10d737bbf7fa/210713_UNC32-K00270_0291_AHLK5VBBXY_CCGCGGTT-AGCGCTAG_S30_L008_R2_001.fastq.gz
C224967-TP	C224967	C224967-TP	10469910-29ac-4d88-bc8c-42a9bd4cedf1	e408bab8-2f30-42ba-9eeb-cc5c74ccfa0c	/storage1/fs1/m.wyczalkowski/Active/Primary/CPTAC3.share/CPTAC3-GDC/GDC_import/data/10469910-29ac-4d88-bc8c-42a9bd4cedf1/210811_UNC31-K00269_0301_AHLLC5BBXY_ATATGGAT-CTGTATTA_S2_L001_R1_001.fastq.gz	/storage1/fs1/m.wyczalkowski/Active/Primary/CPTAC3.share/CPTAC3-GDC/GDC_import/data/e408bab8-2f30-42ba-9eeb-cc5c74ccfa0c/210811_UNC31-K00269_0301_AHLLC5BBXY_ATATGGAT-CTGTATTA_S2_L001_R2_001.fastq.gz
C229764-TR1	C229764	C229764-TR1	c530183b-3935-4d0a-a887-aa028b77f774	d5fbc2da-be05-466a-9433-309fcd49c80e	/storage1/fs1/m.wyczalkowski/Active/Primary/CPTAC3.share/CPTAC3-GDC/GDC_import/data/c530183b-3935-4d0a-a887-aa028b77f774/210713_UNC32-K00270_0291_AHLK5VBBXY_AACGTTCC-GGAGTACT_S9_L003_R1_001.fastq.gz	/storage1/fs1/m.wyczalkowski/Active/Primary/CPTAC3.share/CPTAC3-GDC/GDC_import/data/d5fbc2da-be05-466a-9433-309fcd49c80e/210713_UNC32-K00270_0291_AHLK5VBBXY_AACGTTCC-GGAGTACT_S9_L003_R2_001.fastq.gz
C229764-TP	C229764	C229764-TP	32c3d5c1-3381-4ec0-b60d-414d6275cbf0	fda85eb9-8e12-427b-87f4-72c840b59a49	/storage1/fs1/m.wyczalkowski/Active/Primary/CPTAC3.share/CPTAC3-GDC/GDC_import/data/32c3d5c1-3381-4ec0-b60d-414d6275cbf0/210713_UNC32-K00270_0291_AHLK5VBBXY_GCAGAATT-ACCGGCCA_S11_L003_R1_001.fastq.gz	/storage1/fs1/m.wyczalkowski/Active/Primary/CPTAC3.share/CPTAC3-GDC/GDC_import/data/fda85eb9-8e12-427b-87f4-72c840b59a49/210713_UNC32-K00270_0291_AHLK5VBBXY_GCAGAATT-ACCGGCCA_S11_L003_R2_001.fastq.gz
C231855-TR1	C231855	C231855-TR1	5b018459-1fb0-458c-8d4b-40d6ace7089e	9d90d560-17cb-4038-a922-8e5f8d738b82	/storage1/fs1/m.wyczalkowski/Active/Primary/CPTAC3.share/CPTAC3-GDC/GDC_import/data/5b018459-1fb0-458c-8d4b-40d6ace7089e/210811_UNC31-K00269_0301_AHLLC5BBXY_GCGCAAGC-TCACGCCG_S3_L001_R1_001.fastq.gz	/storage1/fs1/m.wyczalkowski/Active/Primary/CPTAC3.share/CPTAC3-GDC/GDC_import/data/9d90d560-17cb-4038-a922-8e5f8d738b82/210811_UNC31-K00269_0301_AHLLC5BBXY_GCGCAAGC-TCACGCCG_S3_L001_R2_001.fastq.gz
C231855-TP	C231855	C231855-TP	6a569c62-2dfe-4109-803d-dab5026bfec2	e487d435-f110-46da-9ed6-58814f3d33c4	/storage1/fs1/m.wyczalkowski/Active/Primary/CPTAC3.share/CPTAC3-GDC/GDC_import/data/6a569c62-2dfe-4109-803d-dab5026bfec2/210811_UNC31-K00269_0301_AHLLC5BBXY_AACAGGTT-ATACCAAG_S9_L003_R1_001.fastq.gz	/storage1/fs1/m.wyczalkowski/Active/Primary/CPTAC3.share/CPTAC3-GDC/GDC_import/data/e487d435-f110-46da-9ed6-58814f3d33c4/210811_UNC31-K00269_0301_AHLLC5BBXY_AACAGGTT-ATACCAAG_S9_L003_R2_001.fastq.gz
C234192-TR1.ARNA_35bb8e11	C234192	C234192-TR1	7d500c68-fbb2-4d68-b501-7cca903b17cf	6df26d5c-8487-48eb-aa55-66cb6c2b7da0	/storage1/fs1/m.wyczalkowski/Active/Primary/CPTAC3.share/CPTAC3-GDC/GDC_import/data/7d500c68-fbb2-4d68-b501-7cca903b17cf/210713_UNC32-K00270_0291_AHLK5VBBXY_TTATAACC-GATATCGA_S32_L008_R1_001.fastq.gz	/storage1/fs1/m.wyczalkowski/Active/Primary/CPTAC3.share/CPTAC3-GDC/GDC_import/data/6df26d5c-8487-48eb-aa55-66cb6c2b7da0/210713_UNC32-K00270_0291_AHLK5VBBXY_TTATAACC-GATATCGA_S32_L008_R2_001.fastq.gz
C234192-TR2	C234192	C234192-TR2	c50ba18b-ea56-4579-a48e-bc82936d96c8	e1e78f00-8882-40ae-aba4-7ccfd12a4996	/storage1/fs1/m.wyczalkowski/Active/Primary/CPTAC3.share/CPTAC3-GDC/GDC_import/data/c50ba18b-ea56-4579-a48e-bc82936d96c8/210811_UNC31-K00269_0301_AHLLC5BBXY_GGTGAACC-GCGTTGGA_S12_L003_R1_001.fastq.gz	/storage1/fs1/m.wyczalkowski/Active/Primary/CPTAC3.share/CPTAC3-GDC/GDC_import/data/e1e78f00-8882-40ae-aba4-7ccfd12a4996/210811_UNC31-K00269_0301_AHLLC5BBXY_GGTGAACC-GCGTTGGA_S12_L003_R2_001.fastq.gz
C234192-TP	C234192	C234192-TP	928d940f-3a8a-43aa-894f-792e0d1d5468	f419b308-3b44-43cd-8515-43e351c9b2a9	/storage1/fs1/m.wyczalkowski/Active/Primary/CPTAC3.share/CPTAC3-GDC/GDC_import/data/928d940f-3a8a-43aa-894f-792e0d1d5468/210713_UNC32-K00270_0291_AHLK5VBBXY_AAGTCCAA-TATGAGTA_S29_L008_R1_001.fastq.gz	/storage1/fs1/m.wyczalkowski/Active/Primary/CPTAC3.share/CPTAC3-GDC/GDC_import/data/f419b308-3b44-43cd-8515-43e351c9b2a9/210713_UNC32-K00270_0291_AHLK5VBBXY_AAGTCCAA-TATGAGTA_S29_L008_R2_001.fastq.gz
C2415597-TP	C2415597	C2415597-TP	65a4c75a-7f0b-440c-92db-a907010614d1	bb7aa747-60b6-4342-aaa4-f076f360b67d	/storage1/fs1/m.wyczalkowski/Active/Primary/CPTAC3.share/CPTAC3-GDC/GDC_import/data/65a4c75a-7f0b-440c-92db-a907010614d1/210811_UNC31-K00269_0301_AHLLC5BBXY_GAATGAGA-GAGGCATT_S15_L004_R1_001.fastq.gz	/storage1/fs1/m.wyczalkowski/Active/Primary/CPTAC3.share/CPTAC3-GDC/GDC_import/data/bb7aa747-60b6-4342-aaa4-f076f360b67d/210811_UNC31-K00269_0301_AHLLC5BBXY_GAATGAGA-GAGGCATT_S15_L004_R2_001.fastq.gz
C243048-TR1	C243048	C243048-TR1	363afde2-4960-4b58-9fb5-783487373231	94c8d23c-057f-4075-9b03-ebddc6c46e7c	/storage1/fs1/m.wyczalkowski/Active/Primary/CPTAC3.share/CPTAC3-GDC/GDC_import/data/363afde2-4960-4b58-9fb5-783487373231/210811_UNC31-K00269_0301_AHLLC5BBXY_ATATCTCG-ATCTTAGT_S10_L003_R1_001.fastq.gz	/storage1/fs1/m.wyczalkowski/Active/Primary/CPTAC3.share/CPTAC3-GDC/GDC_import/data/94c8d23c-057f-4075-9b03-ebddc6c46e7c/210811_UNC31-K00269_0301_AHLLC5BBXY_ATATCTCG-ATCTTAGT_S10_L003_R2_001.fastq.gz
C243048-TP	C243048	C243048-TP	098febb3-ede7-4533-b9f9-043c8d664e30	c7aab69b-f720-4820-9589-e1e033ef3ee3	/storage1/fs1/m.wyczalkowski/Active/Primary/CPTAC3.share/CPTAC3-GDC/GDC_import/data/098febb3-ede7-4533-b9f9-043c8d664e30/210713_UNC32-K00270_0291_AHLK5VBBXY_CCAAGTCT-AAGGATGA_S28_L007_R1_001.fastq.gz	/storage1/fs1/m.wyczalkowski/Active/Primary/CPTAC3.share/CPTAC3-GDC/GDC_import/data/c7aab69b-f720-4820-9589-e1e033ef3ee3/210713_UNC32-K00270_0291_AHLK5VBBXY_CCAAGTCT-AAGGATGA_S28_L007_R2_001.fastq.gz
C243909-TR1	C243909	C243909-TR1	b70c2c1b-2b9b-4a2b-99b9-da9e0735ee4d	71ed75b3-d868-4335-b995-535c8d4f07c0	/storage1/fs1/m.wyczalkowski/Active/Primary/CPTAC3.share/CPTAC3-GDC/GDC_import/data/b70c2c1b-2b9b-4a2b-99b9-da9e0735ee4d/210713_UNC32-K00270_0291_AHLK5VBBXY_CAAGCTAG-ACATAGCG_S27_L007_R1_001.fastq.gz	/storage1/fs1/m.wyczalkowski/Active/Primary/CPTAC3.share/CPTAC3-GDC/GDC_import/data/71ed75b3-d868-4335-b995-535c8d4f07c0/210713_UNC32-K00270_0291_AHLK5VBBXY_CAAGCTAG-ACATAGCG_S27_L007_R2_001.fastq.gz
C243909-TP	C243909	C243909-TP	8bfdab73-70f3-4d2b-8e02-8080bd13b2e9	88b1f7e9-068a-472e-bfd3-7b557881e6f9	/storage1/fs1/m.wyczalkowski/Active/Primary/CPTAC3.share/CPTAC3-GDC/GDC_import/data/8bfdab73-70f3-4d2b-8e02-8080bd13b2e9/210713_UNC32-K00270_0291_AHLK5VBBXY_TCTCTACT-CGCGGTTC_S24_L006_R1_001.fastq.gz	/storage1/fs1/m.wyczalkowski/Active/Primary/CPTAC3.share/CPTAC3-GDC/GDC_import/data/88b1f7e9-068a-472e-bfd3-7b557881e6f9/210713_UNC32-K00270_0291_AHLK5VBBXY_TCTCTACT-CGCGGTTC_S24_L006_R2_001.fastq.gz
C247230-TR1	C247230	C247230-TR1	982111f4-0501-4138-a072-3243d58dd670	25e17967-5374-45f3-a76c-1d236667a8b2	/storage1/fs1/m.wyczalkowski/Active/Primary/CPTAC3.share/CPTAC3-GDC/GDC_import/data/982111f4-0501-4138-a072-3243d58dd670/210811_UNC31-K00269_0301_AHLLC5BBXY_GCAATGCA-GGAACGTT_S7_L002_R1_001.fastq.gz	/storage1/fs1/m.wyczalkowski/Active/Primary/CPTAC3.share/CPTAC3-GDC/GDC_import/data/25e17967-5374-45f3-a76c-1d236667a8b2/210811_UNC31-K00269_0301_AHLLC5BBXY_GCAATGCA-GGAACGTT_S7_L002_R2_001.fastq.gz
C247230-TP	C247230	C247230-TP	4c52701e-f9d9-4fbf-9530-2d8e420b5078	bd9ebef7-47a0-4365-a921-12a36feb035b	/storage1/fs1/m.wyczalkowski/Active/Primary/CPTAC3.share/CPTAC3-GDC/GDC_import/data/4c52701e-f9d9-4fbf-9530-2d8e420b5078/210713_UNC32-K00270_0291_AHLK5VBBXY_GACCTGAA-TTGGTGAG_S22_L006_R1_001.fastq.gz	/storage1/fs1/m.wyczalkowski/Active/Primary/CPTAC3.share/CPTAC3-GDC/GDC_import/data/bd9ebef7-47a0-4365-a921-12a36feb035b/210713_UNC32-K00270_0291_AHLK5VBBXY_GACCTGAA-TTGGTGAG_S22_L006_R2_001.fastq.gz
C259161-TR1	C259161	C259161-TR1	04492d6a-768d-408d-8491-a3421e3d7fb1	66fc2918-baf1-4cce-951f-423eec4d3e30	/storage1/fs1/m.wyczalkowski/Active/Primary/CPTAC3.share/CPTAC3-GDC/GDC_import/data/04492d6a-768d-408d-8491-a3421e3d7fb1/210811_UNC31-K00269_0301_AHLLC5BBXY_TGGTGGCA-TCCTGTAA_S16_L004_R1_001.fastq.gz	/storage1/fs1/m.wyczalkowski/Active/Primary/CPTAC3.share/CPTAC3-GDC/GDC_import/data/66fc2918-baf1-4cce-951f-423eec4d3e30/210811_UNC31-K00269_0301_AHLLC5BBXY_TGGTGGCA-TCCTGTAA_S16_L004_R2_001.fastq.gz
C259161-TP	C259161	C259161-TP	99e448a9-f393-41a2-9c6a-46ed6a453a25	ef415675-ebd8-43c7-94ea-63da5ebf9db3	/storage1/fs1/m.wyczalkowski/Active/Primary/CPTAC3.share/CPTAC3-GDC/GDC_import/data/99e448a9-f393-41a2-9c6a-46ed6a453a25/210713_UNC32-K00270_0291_AHLK5VBBXY_CTCTCGTC-TATAACCT_S21_L006_R1_001.fastq.gz	/storage1/fs1/m.wyczalkowski/Active/Primary/CPTAC3.share/CPTAC3-GDC/GDC_import/data/ef415675-ebd8-43c7-94ea-63da5ebf9db3/210713_UNC32-K00270_0291_AHLK5VBBXY_CTCTCGTC-TATAACCT_S21_L006_R2_001.fastq.gz
C266664-TP	C266664	C266664-TP	d47ac642-9204-45da-a0b5-ea6a80d65139	1671b3e1-6b22-4326-bf41-49312e3c6829	/storage1/fs1/m.wyczalkowski/Active/Primary/CPTAC3.share/CPTAC3-GDC/GDC_import/data/d47ac642-9204-45da-a0b5-ea6a80d65139/210713_UNC32-K00270_0291_AHLK5VBBXY_GGCATTCT-CTAGCTTG_S2_L001_R1_001.fastq.gz	/storage1/fs1/m.wyczalkowski/Active/Primary/CPTAC3.share/CPTAC3-GDC/GDC_import/data/1671b3e1-6b22-4326-bf41-49312e3c6829/210713_UNC32-K00270_0291_AHLK5VBBXY_GGCATTCT-CTAGCTTG_S2_L001_R2_001.fastq.gz
C283515-TR1	C283515	C283515-TR1	543f557f-1beb-4456-a0fd-cec8d084ff20	43aa9185-30e8-46cc-81ff-279a1e9f2350	/storage1/fs1/m.wyczalkowski/Active/Primary/CPTAC3.share/CPTAC3-GDC/GDC_import/data/543f557f-1beb-4456-a0fd-cec8d084ff20/210713_UNC32-K00270_0291_AHLK5VBBXY_ATGAGGCC-GTTAATTG_S10_L003_R1_001.fastq.gz	/storage1/fs1/m.wyczalkowski/Active/Primary/CPTAC3.share/CPTAC3-GDC/GDC_import/data/43aa9185-30e8-46cc-81ff-279a1e9f2350/210713_UNC32-K00270_0291_AHLK5VBBXY_ATGAGGCC-GTTAATTG_S10_L003_R2_001.fastq.gz
C283515-TP	C283515	C283515-TP	788421a7-7d30-4bc6-b77a-688289cf5778	5bccff6e-1343-4834-b5ce-71abd40aa308	/storage1/fs1/m.wyczalkowski/Active/Primary/CPTAC3.share/CPTAC3-GDC/GDC_import/data/788421a7-7d30-4bc6-b77a-688289cf5778/210713_UNC32-K00270_0291_AHLK5VBBXY_ATGTAAGT-ACTCTATG_S13_L004_R1_001.fastq.gz	/storage1/fs1/m.wyczalkowski/Active/Primary/CPTAC3.share/CPTAC3-GDC/GDC_import/data/5bccff6e-1343-4834-b5ce-71abd40aa308/210713_UNC32-K00270_0291_AHLK5VBBXY_ATGTAAGT-ACTCTATG_S13_L004_R2_001.fastq.gz
C287328-TR1	C287328	C287328-TR1	1500544e-8a1a-4d0d-a855-c856fd31993b	60d74915-2063-4467-930b-7845844fbd7b	/storage1/fs1/m.wyczalkowski/Active/Primary/CPTAC3.share/CPTAC3-GDC/GDC_import/data/1500544e-8a1a-4d0d-a855-c856fd31993b/210811_UNC31-K00269_0301_AHLLC5BBXY_GGAGCGTC-GTCCGTGC_S4_L001_R1_001.fastq.gz	/storage1/fs1/m.wyczalkowski/Active/Primary/CPTAC3.share/CPTAC3-GDC/GDC_import/data/60d74915-2063-4467-930b-7845844fbd7b/210811_UNC31-K00269_0301_AHLLC5BBXY_GGAGCGTC-GTCCGTGC_S4_L001_R2_001.fastq.gz
C287328-TP	C287328	C287328-TP	fc4ea868-9a1a-4f67-b490-3bdf3c5f6f57	7bd1a599-d790-46ba-8d41-5c9532d1d232	/storage1/fs1/m.wyczalkowski/Active/Primary/CPTAC3.share/CPTAC3-GDC/GDC_import/data/fc4ea868-9a1a-4f67-b490-3bdf3c5f6f57/210713_UNC32-K00270_0291_AHLK5VBBXY_TTACAGGA-TGACAAGC_S4_L001_R1_001.fastq.gz	/storage1/fs1/m.wyczalkowski/Active/Primary/CPTAC3.share/CPTAC3-GDC/GDC_import/data/7bd1a599-d790-46ba-8d41-5c9532d1d232/210713_UNC32-K00270_0291_AHLK5VBBXY_TTACAGGA-TGACAAGC_S4_L001_R2_001.fastq.gz
C289419-TP	C289419	C289419-TP	31e45219-fd63-4028-9ca3-e3fa1ca82f60	cd0e07cb-3358-4e26-88fa-5cc0839cda33	/storage1/fs1/m.wyczalkowski/Active/Primary/CPTAC3.share/CPTAC3-GDC/GDC_import/data/31e45219-fd63-4028-9ca3-e3fa1ca82f60/210713_UNC32-K00270_0291_AHLK5VBBXY_GGCTTAAG-TCGTGACC_S18_L005_R1_001.fastq.gz	/storage1/fs1/m.wyczalkowski/Active/Primary/CPTAC3.share/CPTAC3-GDC/GDC_import/data/cd0e07cb-3358-4e26-88fa-5cc0839cda33/210713_UNC32-K00270_0291_AHLK5VBBXY_GGCTTAAG-TCGTGACC_S18_L005_R2_001.fastq.gz
C298152-TR1	C298152	C298152-TR1	cc854351-5e28-4fa1-ba76-ab67e8069f29	114ff49b-5eae-4fa1-8beb-1f4ae9cd8638	/storage1/fs1/m.wyczalkowski/Active/Primary/CPTAC3.share/CPTAC3-GDC/GDC_import/data/cc854351-5e28-4fa1-ba76-ab67e8069f29/210713_UNC32-K00270_0291_AHLK5VBBXY_TCCAACGC-TTGGACTT_S8_L002_R1_001.fastq.gz	/storage1/fs1/m.wyczalkowski/Active/Primary/CPTAC3.share/CPTAC3-GDC/GDC_import/data/114ff49b-5eae-4fa1-8beb-1f4ae9cd8638/210713_UNC32-K00270_0291_AHLK5VBBXY_TCCAACGC-TTGGACTT_S8_L002_R2_001.fastq.gz
C298152-TP	C298152	C298152-TP	dbcc610d-609b-4631-a7fb-ce1d9879e0a1	96a07c32-d50d-48da-b9da-fdd6b37eac1c	/storage1/fs1/m.wyczalkowski/Active/Primary/CPTAC3.share/CPTAC3-GDC/GDC_import/data/dbcc610d-609b-4631-a7fb-ce1d9879e0a1/210811_UNC31-K00269_0301_AHLLC5BBXY_GATCTATC-ATGAGGCT_S19_L005_R1_001.fastq.gz	/storage1/fs1/m.wyczalkowski/Active/Primary/CPTAC3.share/CPTAC3-GDC/GDC_import/data/96a07c32-d50d-48da-b9da-fdd6b37eac1c/210811_UNC31-K00269_0301_AHLLC5BBXY_GATCTATC-ATGAGGCT_S19_L005_R2_001.fastq.gz
C330255-TR1	C330255	C330255-TR1	ecde968c-8d85-48f1-9b99-adf4c4f9c39c	7d238885-5196-4422-9eed-12e61f4703be	/storage1/fs1/m.wyczalkowski/Active/Primary/CPTAC3.share/CPTAC3-GDC/GDC_import/data/ecde968c-8d85-48f1-9b99-adf4c4f9c39c/210713_UNC32-K00270_0291_AHLK5VBBXY_GGTACCTT-AAGACGTC_S12_L003_R1_001.fastq.gz	/storage1/fs1/m.wyczalkowski/Active/Primary/CPTAC3.share/CPTAC3-GDC/GDC_import/data/7d238885-5196-4422-9eed-12e61f4703be/210713_UNC32-K00270_0291_AHLK5VBBXY_GGTACCTT-AAGACGTC_S12_L003_R2_001.fastq.gz
C383391-TR1.ARNA_7418231a	C383391	C383391-TR1	02d0d950-c97c-4179-8150-9154a973d456	1d3003c2-2047-421b-9d96-18dd27804338	/storage1/fs1/m.wyczalkowski/Active/Primary/CPTAC3.share/CPTAC3-GDC/GDC_import/data/02d0d950-c97c-4179-8150-9154a973d456/210713_UNC32-K00270_0291_AHLK5VBBXY_GCACGGAC-GTCTCGCA_S15_L004_R1_001.fastq.gz	/storage1/fs1/m.wyczalkowski/Active/Primary/CPTAC3.share/CPTAC3-GDC/GDC_import/data/1d3003c2-2047-421b-9d96-18dd27804338/210713_UNC32-K00270_0291_AHLK5VBBXY_GCACGGAC-GTCTCGCA_S15_L004_R2_001.fastq.gz
C383391-TR2	C383391	C383391-TR2	67f1d243-6790-4916-8e93-e9712739d6d2	79a1e05d-5544-4bb7-8d1b-0eb7ba887f43	/storage1/fs1/m.wyczalkowski/Active/Primary/CPTAC3.share/CPTAC3-GDC/GDC_import/data/67f1d243-6790-4916-8e93-e9712739d6d2/210811_UNC31-K00269_0301_AHLLC5BBXY_ATGGCATG-AAGGTACC_S6_L002_R1_001.fastq.gz	/storage1/fs1/m.wyczalkowski/Active/Primary/CPTAC3.share/CPTAC3-GDC/GDC_import/data/79a1e05d-5544-4bb7-8d1b-0eb7ba887f43/210811_UNC31-K00269_0301_AHLLC5BBXY_ATGGCATG-AAGGTACC_S6_L002_R2_001.fastq.gz
C383391-TP	C383391	C383391-TP	a1cdfb94-8758-4d2b-92bf-db1bac25b7e9	e25981ec-ac52-4a07-a09e-f82495748135	/storage1/fs1/m.wyczalkowski/Active/Primary/CPTAC3.share/CPTAC3-GDC/GDC_import/data/a1cdfb94-8758-4d2b-92bf-db1bac25b7e9/210713_UNC32-K00270_0291_AHLK5VBBXY_ATCCACTG-AGGTGCGT_S26_L007_R1_001.fastq.gz	/storage1/fs1/m.wyczalkowski/Active/Primary/CPTAC3.share/CPTAC3-GDC/GDC_import/data/e25981ec-ac52-4a07-a09e-f82495748135/210713_UNC32-K00270_0291_AHLK5VBBXY_ATCCACTG-AGGTGCGT_S26_L007_R2_001.fastq.gz
C3L-04081-TP	C3L-04081	C3L-04081-TP	ff00dd51-d902-4563-b623-786e9f78aaf5	bdef277c-4632-450b-8030-037e3dbe8b32	/storage1/fs1/m.wyczalkowski/Active/Primary/CPTAC3.share/CPTAC3-GDC/GDC_import/data/ff00dd51-d902-4563-b623-786e9f78aaf5/210708_UNC32-K00270_0290_BHLLHHBBXY_GTGAATAT-TCTCATTC_S19_L005_R1_001.fastq.gz	/storage1/fs1/m.wyczalkowski/Active/Primary/CPTAC3.share/CPTAC3-GDC/GDC_import/data/bdef277c-4632-450b-8030-037e3dbe8b32/210708_UNC32-K00270_0290_BHLLHHBBXY_GTGAATAT-TCTCATTC_S19_L005_R2_001.fastq.gz
C3L-05481-TP.RDNA_zmE5or7	C3L-05481	C3L-05481-TP	3943d597-a775-439b-a983-db12f9b0ec2d	23eac32e-93a9-48a9-8cfd-f14448fb7fd5	/storage1/fs1/m.wyczalkowski/Active/Primary/CPTAC3.share/CPTAC3-GDC/GDC_import/data/3943d597-a775-439b-a983-db12f9b0ec2d/211015_UNC32-K00270_0300_BHLMLVBBXY_ACCTTGGC-GGCCTCAT_S22_L008_R1_001.fastq.gz	/storage1/fs1/m.wyczalkowski/Active/Primary/CPTAC3.share/CPTAC3-GDC/GDC_import/data/23eac32e-93a9-48a9-8cfd-f14448fb7fd5/211015_UNC32-K00270_0300_BHLMLVBBXY_ACCTTGGC-GGCCTCAT_S22_L008_R2_001.fastq.gz
C3L-06625-TP	C3L-06625	C3L-06625-TP	54aee35f-9cd2-4a3b-9c49-dbffe0677d13	4a16d6ea-281b-440a-9157-095d8785f68a	/storage1/fs1/m.wyczalkowski/Active/Primary/CPTAC3.share/CPTAC3-GDC/GDC_import/data/54aee35f-9cd2-4a3b-9c49-dbffe0677d13/210708_UNC32-K00270_0290_BHLLHHBBXY_ACAGGCGC-CTCTGCCT_S17_L005_R1_001.fastq.gz	/storage1/fs1/m.wyczalkowski/Active/Primary/CPTAC3.share/CPTAC3-GDC/GDC_import/data/4a16d6ea-281b-440a-9157-095d8785f68a/210708_UNC32-K00270_0290_BHLLHHBBXY_ACAGGCGC-CTCTGCCT_S17_L005_R2_001.fastq.gz
C3L-07202-TP	C3L-07202	C3L-07202-TP	0d2a4b38-4741-48ac-bd06-58e5a7397594	9e0f8f05-b887-4c26-b196-f8d137d04b38	/storage1/fs1/m.wyczalkowski/Active/Primary/CPTAC3.share/CPTAC3-GDC/GDC_import/data/0d2a4b38-4741-48ac-bd06-58e5a7397594/210615_UNC31-K00269_0299_BHLFTYBBXY_CAATTAAC-CGAGATAT_S76_L008_R1_001.fastq.gz	/storage1/fs1/m.wyczalkowski/Active/Primary/CPTAC3.share/CPTAC3-GDC/GDC_import/data/9e0f8f05-b887-4c26-b196-f8d137d04b38/210615_UNC31-K00269_0299_BHLFTYBBXY_CAATTAAC-CGAGATAT_S76_L008_R2_001.fastq.gz
C3L-07213-TP	C3L-07213	C3L-07213-TP	a3414943-3507-49d3-8c9f-c50c7721b209	ea6ad82f-b787-4ee4-820c-f4b30dd9d61c	/storage1/fs1/m.wyczalkowski/Active/Primary/CPTAC3.share/CPTAC3-GDC/GDC_import/data/a3414943-3507-49d3-8c9f-c50c7721b209/210615_UNC31-K00269_0299_BHLFTYBBXY_TGGCCGGT-TAGAGCGC_S78_L008_R1_001.fastq.gz	/storage1/fs1/m.wyczalkowski/Active/Primary/CPTAC3.share/CPTAC3-GDC/GDC_import/data/ea6ad82f-b787-4ee4-820c-f4b30dd9d61c/210615_UNC31-K00269_0299_BHLFTYBBXY_TGGCCGGT-TAGAGCGC_S78_L008_R2_001.fastq.gz
C3L-07611-TP	C3L-07611	C3L-07611-TP	a19a4590-1bba-4407-8833-4c424dbd4e7a	715c0803-92be-4427-84a0-318fb948c958	/storage1/fs1/m.wyczalkowski/Active/Primary/CPTAC3.share/CPTAC3-GDC/GDC_import/data/a19a4590-1bba-4407-8833-4c424dbd4e7a/210708_UNC32-K00270_0290_BHLLHHBBXY_CTGCTTCC-GATAGATC_S14_L004_R1_001.fastq.gz	/storage1/fs1/m.wyczalkowski/Active/Primary/CPTAC3.share/CPTAC3-GDC/GDC_import/data/715c0803-92be-4427-84a0-318fb948c958/210708_UNC32-K00270_0290_BHLLHHBBXY_CTGCTTCC-GATAGATC_S14_L004_R2_001.fastq.gz
C3N-01191-NAT	C3N-01191	C3N-01191-NAT	72c15ae7-3d7a-4f6e-ab4f-f82e92009ff4	7ee179a1-f928-4601-b0a9-647dad31f4fd	/storage1/fs1/m.wyczalkowski/Active/Primary/CPTAC3.share/CPTAC3-GDC/GDC_import/data/72c15ae7-3d7a-4f6e-ab4f-f82e92009ff4/210708_UNC32-K00270_0290_BHLLHHBBXY_TGCGAGAC-CATTGTTG_S20_L005_R1_001.fastq.gz	/storage1/fs1/m.wyczalkowski/Active/Primary/CPTAC3.share/CPTAC3-GDC/GDC_import/data/7ee179a1-f928-4601-b0a9-647dad31f4fd/210708_UNC32-K00270_0290_BHLLHHBBXY_TGCGAGAC-CATTGTTG_S20_L005_R2_001.fastq.gz
C3N-01197-NAT	C3N-01197	C3N-01197-NAT	2a6593dd-ae6a-4b75-8cb5-144ff91626b0	3746a172-d4af-4f52-9dd9-01e6db58f3d7	/storage1/fs1/m.wyczalkowski/Active/Primary/CPTAC3.share/CPTAC3-GDC/GDC_import/data/2a6593dd-ae6a-4b75-8cb5-144ff91626b0/210615_UNC31-K00269_0299_BHLFTYBBXY_GACGTCTT-GGTTCACC_S77_L008_R1_001.fastq.gz	/storage1/fs1/m.wyczalkowski/Active/Primary/CPTAC3.share/CPTAC3-GDC/GDC_import/data/3746a172-d4af-4f52-9dd9-01e6db58f3d7/210615_UNC31-K00269_0299_BHLFTYBBXY_GACGTCTT-GGTTCACC_S77_L008_R2_001.fastq.gz
C3N-01365-NAT	C3N-01365	C3N-01365-NAT	9936d4a4-b553-40fc-9739-16e57a11ecee	10b7380d-90bc-47db-8580-ec64ccc6dea6	/storage1/fs1/m.wyczalkowski/Active/Primary/CPTAC3.share/CPTAC3-GDC/GDC_import/data/9936d4a4-b553-40fc-9739-16e57a11ecee/210708_UNC32-K00270_0290_BHLLHHBBXY_GAACCGCG-TGACCTTA_S11_L003_R1_001.fastq.gz	/storage1/fs1/m.wyczalkowski/Active/Primary/CPTAC3.share/CPTAC3-GDC/GDC_import/data/10b7380d-90bc-47db-8580-ec64ccc6dea6/210708_UNC32-K00270_0290_BHLLHHBBXY_GAACCGCG-TGACCTTA_S11_L003_R2_001.fastq.gz
C3N-02684-NAT	C3N-02684	C3N-02684-NAT	e9d5ecfa-3887-4f7c-876b-e7addf0fa54d	7513f50c-a395-49c5-8076-da5d97a21a2d	/storage1/fs1/m.wyczalkowski/Active/Primary/CPTAC3.share/CPTAC3-GDC/GDC_import/data/e9d5ecfa-3887-4f7c-876b-e7addf0fa54d/210708_UNC32-K00270_0290_BHLLHHBBXY_CATAGAGT-TGCCACCA_S18_L005_R1_001.fastq.gz	/storage1/fs1/m.wyczalkowski/Active/Primary/CPTAC3.share/CPTAC3-GDC/GDC_import/data/7513f50c-a395-49c5-8076-da5d97a21a2d/210708_UNC32-K00270_0290_BHLLHHBBXY_CATAGAGT-TGCCACCA_S18_L005_R2_001.fastq.gz
C3N-03026-NAT	C3N-03026	C3N-03026-NAT	6cf7ffc2-885e-4bc9-94fb-7d88e689ec88	f826f72f-036c-4802-869d-9f33a5289ab1	/storage1/fs1/m.wyczalkowski/Active/Primary/CPTAC3.share/CPTAC3-GDC/GDC_import/data/6cf7ffc2-885e-4bc9-94fb-7d88e689ec88/210708_UNC32-K00270_0290_BHLLHHBBXY_AACTGTAG-ACGCCGCA_S13_L004_R1_001.fastq.gz	/storage1/fs1/m.wyczalkowski/Active/Primary/CPTAC3.share/CPTAC3-GDC/GDC_import/data/f826f72f-036c-4802-869d-9f33a5289ab1/210708_UNC32-K00270_0290_BHLLHHBBXY_AACTGTAG-ACGCCGCA_S13_L004_R2_001.fastq.gz
C3N-03446-NAT	C3N-03446	C3N-03446-NAT	5a9e30f7-2202-4950-a643-61f2b2a1579d	2c66f195-9484-4900-9338-d02c9392ee59	/storage1/fs1/m.wyczalkowski/Active/Primary/CPTAC3.share/CPTAC3-GDC/GDC_import/data/5a9e30f7-2202-4950-a643-61f2b2a1579d/210708_UNC32-K00270_0290_BHLLHHBBXY_GGTCACGA-GTATTATG_S15_L004_R1_001.fastq.gz	/storage1/fs1/m.wyczalkowski/Active/Primary/CPTAC3.share/CPTAC3-GDC/GDC_import/data/2c66f195-9484-4900-9338-d02c9392ee59/210708_UNC32-K00270_0290_BHLLHHBBXY_GGTCACGA-GTATTATG_S15_L004_R2_001.fastq.gz
C3N-03450-NAT	C3N-03450	C3N-03450-NAT	81a63cde-b0d0-40d8-bd21-4ac99c45f504	d26762d9-9ed0-4411-85a1-8a6ecfa904a0	/storage1/fs1/m.wyczalkowski/Active/Primary/CPTAC3.share/CPTAC3-GDC/GDC_import/data/81a63cde-b0d0-40d8-bd21-4ac99c45f504/210708_UNC32-K00270_0290_BHLLHHBBXY_TCATCCTT-AGCGAGCT_S16_L004_R1_001.fastq.gz	/storage1/fs1/m.wyczalkowski/Active/Primary/CPTAC3.share/CPTAC3-GDC/GDC_import/data/d26762d9-9ed0-4411-85a1-8a6ecfa904a0/210708_UNC32-K00270_0290_BHLLHHBBXY_TCATCCTT-AGCGAGCT_S16_L004_R2_001.fastq.gz
C3N-03452-NAT	C3N-03452	C3N-03452-NAT	0556e930-1904-4780-bf80-cdfba5c577b7	c582f341-273b-490f-9e51-725a98439835	/storage1/fs1/m.wyczalkowski/Active/Primary/CPTAC3.share/CPTAC3-GDC/GDC_import/data/0556e930-1904-4780-bf80-cdfba5c577b7/210708_UNC32-K00270_0290_BHLLHHBBXY_AGGTTATA-CAGTTCCG_S9_L003_R1_001.fastq.gz	/storage1/fs1/m.wyczalkowski/Active/Primary/CPTAC3.share/CPTAC3-GDC/GDC_import/data/c582f341-273b-490f-9e51-725a98439835/210708_UNC32-K00270_0290_BHLLHHBBXY_AGGTTATA-CAGTTCCG_S9_L003_R2_001.fastq.gz
C3N-04113-TP.RRNA_rk3EEVp	C3N-04113	C3N-04113-TP	69aa2a6b-6027-49f3-8e36-3103637b7cb1	57e66976-7cfd-4dc7-960f-61b01cf53055	/storage1/fs1/m.wyczalkowski/Active/Primary/CPTAC3.share/CPTAC3-GDC/GDC_import/data/69aa2a6b-6027-49f3-8e36-3103637b7cb1/210615_UNC31-K00269_0299_BHLFTYBBXY_AGTACTCC-AACCTGTT_S75_L008_R1_001.fastq.gz	/storage1/fs1/m.wyczalkowski/Active/Primary/CPTAC3.share/CPTAC3-GDC/GDC_import/data/57e66976-7cfd-4dc7-960f-61b01cf53055/210615_UNC31-K00269_0299_BHLFTYBBXY_AGTACTCC-AACCTGTT_S75_L008_R2_001.fastq.gz
C3N-05991-TP	C3N-05991	C3N-05991-TP	f3fdfc5e-7311-4d86-ac76-83d954c22674	8f4a08f1-2571-471f-9eac-c774275f33f4	/storage1/fs1/m.wyczalkowski/Active/Primary/CPTAC3.share/CPTAC3-GDC/GDC_import/data/f3fdfc5e-7311-4d86-ac76-83d954c22674/201103_UNC31-K00269_0292_AHJ772BBXY_TAATACAG-ATATTCAC_S24_L006_R1_001.fastq.gz	/storage1/fs1/m.wyczalkowski/Active/Primary/CPTAC3.share/CPTAC3-GDC/GDC_import/data/8f4a08f1-2571-471f-9eac-c774275f33f4/201103_UNC31-K00269_0292_AHJ772BBXY_TAATACAG-ATATTCAC_S24_L006_R2_001.fastq.gz
C464694-TP	C464694	C464694-TP	e953a951-3a91-442e-ad44-8ebde2357ba1	dfd4d083-3696-4f1a-9a7b-9613cb26d82d	/storage1/fs1/m.wyczalkowski/Active/Primary/CPTAC3.share/CPTAC3-GDC/GDC_import/data/e953a951-3a91-442e-ad44-8ebde2357ba1/210713_UNC32-K00270_0291_AHLK5VBBXY_AATCCGGA-CTACAGTT_S17_L005_R1_001.fastq.gz	/storage1/fs1/m.wyczalkowski/Active/Primary/CPTAC3.share/CPTAC3-GDC/GDC_import/data/dfd4d083-3696-4f1a-9a7b-9613cb26d82d/210713_UNC32-K00270_0291_AHLK5VBBXY_AATCCGGA-CTACAGTT_S17_L005_R2_001.fastq.gz
C524103-TR1	C524103	C524103-TR1	22a329b1-e16e-4f74-9776-f89111085a6e	1c2a8eae-a280-4bda-8053-bd1f73695d64	/storage1/fs1/m.wyczalkowski/Active/Primary/CPTAC3.share/CPTAC3-GDC/GDC_import/data/22a329b1-e16e-4f74-9776-f89111085a6e/210811_UNC31-K00269_0301_AHLLC5BBXY_CATAATAC-TTCTAACG_S18_L005_R1_001.fastq.gz	/storage1/fs1/m.wyczalkowski/Active/Primary/CPTAC3.share/CPTAC3-GDC/GDC_import/data/1c2a8eae-a280-4bda-8053-bd1f73695d64/210811_UNC31-K00269_0301_AHLLC5BBXY_CATAATAC-TTCTAACG_S18_L005_R2_001.fastq.gz
C524103-TP	C524103	C524103-TP	afe00443-10de-4f18-b3cc-feda64a0ed5b	bbbc3545-1937-4afe-9d74-28e653c9f64d	/storage1/fs1/m.wyczalkowski/Active/Primary/CPTAC3.share/CPTAC3-GDC/GDC_import/data/afe00443-10de-4f18-b3cc-feda64a0ed5b/210713_UNC32-K00270_0291_AHLK5VBBXY_GCTTGTCA-GAACATAC_S23_L006_R1_001.fastq.gz	/storage1/fs1/m.wyczalkowski/Active/Primary/CPTAC3.share/CPTAC3-GDC/GDC_import/data/bbbc3545-1937-4afe-9d74-28e653c9f64d/210713_UNC32-K00270_0291_AHLK5VBBXY_GCTTGTCA-GAACATAC_S23_L006_R2_001.fastq.gz
C621273-TR1	C621273	C621273-TR1	d2076f19-ae18-4b0f-90c0-009d307bac68	208f978b-38ac-480f-ba8b-10672e7acf9d	/storage1/fs1/m.wyczalkowski/Active/Primary/CPTAC3.share/CPTAC3-GDC/GDC_import/data/d2076f19-ae18-4b0f-90c0-009d307bac68/210713_UNC32-K00270_0291_AHLK5VBBXY_TTGGACTC-GGAAGCAG_S20_L005_R1_001.fastq.gz	/storage1/fs1/m.wyczalkowski/Active/Primary/CPTAC3.share/CPTAC3-GDC/GDC_import/data/208f978b-38ac-480f-ba8b-10672e7acf9d/210713_UNC32-K00270_0291_AHLK5VBBXY_TTGGACTC-GGAAGCAG_S20_L005_R2_001.fastq.gz
C685110-TR1	C685110	C685110-TR1	0ff23a92-6ade-4e6b-9867-2c64eb28c3de	3652dfbb-4928-4636-9f9a-16069dc753ca	/storage1/fs1/m.wyczalkowski/Active/Primary/CPTAC3.share/CPTAC3-GDC/GDC_import/data/0ff23a92-6ade-4e6b-9867-2c64eb28c3de/210713_UNC32-K00270_0291_AHLK5VBBXY_AGTTCAGG-CCAACAGA_S25_L007_R1_001.fastq.gz	/storage1/fs1/m.wyczalkowski/Active/Primary/CPTAC3.share/CPTAC3-GDC/GDC_import/data/3652dfbb-4928-4636-9f9a-16069dc753ca/210713_UNC32-K00270_0291_AHLK5VBBXY_AGTTCAGG-CCAACAGA_S25_L007_R2_001.fastq.gz
C685110-TP	C685110	C685110-TP	519a2bd8-5dba-4d6a-9ca0-3cc6855d0045	131ac7f3-1651-4192-83cb-6f9a97cbc981	/storage1/fs1/m.wyczalkowski/Active/Primary/CPTAC3.share/CPTAC3-GDC/GDC_import/data/519a2bd8-5dba-4d6a-9ca0-3cc6855d0045/210713_UNC32-K00270_0291_AHLK5VBBXY_AATGCCTC-TCGATCCA_S1_L001_R1_001.fastq.gz	/storage1/fs1/m.wyczalkowski/Active/Primary/CPTAC3.share/CPTAC3-GDC/GDC_import/data/131ac7f3-1651-4192-83cb-6f9a97cbc981/210713_UNC32-K00270_0291_AHLK5VBBXY_AATGCCTC-TCGATCCA_S1_L001_R2_001.fastq.gz
C760878-TR1	C760878	C760878-TR1	c47b1200-7652-4875-9681-8bdcd0de7ac0	b8645040-f99b-4031-88bb-231e179d10f0	/storage1/fs1/m.wyczalkowski/Active/Primary/CPTAC3.share/CPTAC3-GDC/GDC_import/data/c47b1200-7652-4875-9681-8bdcd0de7ac0/210811_UNC31-K00269_0301_AHLLC5BBXY_CGGAACTG-CACTACGA_S22_L006_R1_001.fastq.gz	/storage1/fs1/m.wyczalkowski/Active/Primary/CPTAC3.share/CPTAC3-GDC/GDC_import/data/b8645040-f99b-4031-88bb-231e179d10f0/210811_UNC31-K00269_0301_AHLLC5BBXY_CGGAACTG-CACTACGA_S22_L006_R2_001.fastq.gz
C760878-TP	C760878	C760878-TP	86b299c6-96ce-4d99-b32b-76a4bcd9ee4c	51ca63ce-fa0b-4327-b258-dc34abd61afc	/storage1/fs1/m.wyczalkowski/Active/Primary/CPTAC3.share/CPTAC3-GDC/GDC_import/data/86b299c6-96ce-4d99-b32b-76a4bcd9ee4c/210713_UNC32-K00270_0291_AHLK5VBBXY_CCGTGAAG-CAGTGGAT_S6_L002_R1_001.fastq.gz	/storage1/fs1/m.wyczalkowski/Active/Primary/CPTAC3.share/CPTAC3-GDC/GDC_import/data/51ca63ce-fa0b-4327-b258-dc34abd61afc/210713_UNC32-K00270_0291_AHLK5VBBXY_CCGTGAAG-CAGTGGAT_S6_L002_R2_001.fastq.gz
C761370-TR1	C761370	C761370-TR1	5888865b-8b1c-409f-849d-a969b1c7d9f1	31f61c3a-670a-4635-b769-0a5f9dd7d8f2	/storage1/fs1/m.wyczalkowski/Active/Primary/CPTAC3.share/CPTAC3-GDC/GDC_import/data/5888865b-8b1c-409f-849d-a969b1c7d9f1/210811_UNC31-K00269_0301_AHLLC5BBXY_CAACAATG-CTTCACGG_S14_L004_R1_001.fastq.gz	/storage1/fs1/m.wyczalkowski/Active/Primary/CPTAC3.share/CPTAC3-GDC/GDC_import/data/31f61c3a-670a-4635-b769-0a5f9dd7d8f2/210811_UNC31-K00269_0301_AHLLC5BBXY_CAACAATG-CTTCACGG_S14_L004_R2_001.fastq.gz
C761370-TP	C761370	C761370-TP	dca91fcb-3f8f-44de-965d-65e921a02fd5	f0d9622c-b439-4941-94bb-29baf4448bed	/storage1/fs1/m.wyczalkowski/Active/Primary/CPTAC3.share/CPTAC3-GDC/GDC_import/data/dca91fcb-3f8f-44de-965d-65e921a02fd5/210811_UNC31-K00269_0301_AHLLC5BBXY_ACCTTGGC-GGCCTCAT_S5_L002_R1_001.fastq.gz	/storage1/fs1/m.wyczalkowski/Active/Primary/CPTAC3.share/CPTAC3-GDC/GDC_import/data/f0d9622c-b439-4941-94bb-29baf4448bed/210811_UNC31-K00269_0301_AHLLC5BBXY_ACCTTGGC-GGCCTCAT_S5_L002_R2_001.fastq.gz
C827913-TR2.ARNA_97c68cdd	C827913	C827913-TR2	7d9d1934-c881-4f7f-868e-7ff2720591ce	81cfe120-ec7e-48d7-8468-c407c8fef01e	/storage1/fs1/m.wyczalkowski/Active/Primary/CPTAC3.share/CPTAC3-GDC/GDC_import/data/7d9d1934-c881-4f7f-868e-7ff2720591ce/210811_UNC31-K00269_0301_AHLLC5BBXY_GTTCCAAT-AATTCTGC_S8_L002_R1_001.fastq.gz	/storage1/fs1/m.wyczalkowski/Active/Primary/CPTAC3.share/CPTAC3-GDC/GDC_import/data/81cfe120-ec7e-48d7-8468-c407c8fef01e/210811_UNC31-K00269_0301_AHLLC5BBXY_GTTCCAAT-AATTCTGC_S8_L002_R2_001.fastq.gz
C846363-TR1	C846363	C846363-TR1	ed500025-1eaf-4dde-8174-8803c579bb73	f3c87ab0-01ca-4b90-8c82-bd999d775e65	/storage1/fs1/m.wyczalkowski/Active/Primary/CPTAC3.share/CPTAC3-GDC/GDC_import/data/ed500025-1eaf-4dde-8174-8803c579bb73/210811_UNC31-K00269_0301_AHLLC5BBXY_AGCTCGCT-GCAGAATC_S17_L005_R1_001.fastq.gz	/storage1/fs1/m.wyczalkowski/Active/Primary/CPTAC3.share/CPTAC3-GDC/GDC_import/data/f3c87ab0-01ca-4b90-8c82-bd999d775e65/210811_UNC31-K00269_0301_AHLLC5BBXY_AGCTCGCT-GCAGAATC_S17_L005_R2_001.fastq.gz
C846363-TP	C846363	C846363-TP	05606bfc-9000-4aa7-a4d1-694fc9ad6410	347ecdcb-c3a6-4292-9e5c-cf7f6e0c58ca	/storage1/fs1/m.wyczalkowski/Active/Primary/CPTAC3.share/CPTAC3-GDC/GDC_import/data/05606bfc-9000-4aa7-a4d1-694fc9ad6410/210713_UNC32-K00270_0291_AHLK5VBBXY_TACCGAGG-CCTGAACT_S3_L001_R1_001.fastq.gz	/storage1/fs1/m.wyczalkowski/Active/Primary/CPTAC3.share/CPTAC3-GDC/GDC_import/data/347ecdcb-c3a6-4292-9e5c-cf7f6e0c58ca/210713_UNC32-K00270_0291_AHLK5VBBXY_TACCGAGG-CCTGAACT_S3_L001_R2_001.fastq.gz
